1655629231,fghjkllll,kjhgfdsa,Ha Ha Ha,0987654321,name@gmail.com,TPHCM,USER,2022-06-19T09:01:46.700Z,null
1655629308,lkjhgfdsa,Xaushuhuhu,Hi Hi Hi,0987654322,na@gmail.com,Hue,USER,2022-06-19T09:03:02.158Z,2022-06-19T09:15:46.281Z
1655629668,sdfghjklll,qwedfghnm,Tui Khong Ngu,0234567891,nam1@gmail.com,Hue,USER,2022-06-19T09:09:08.203Z,null
1655630884,truadgsdfsff,hgaddasdsd,Bo Khong Ngu,0394858448,ba@gmail.com,SG,USER,2022-06-19T09:32:11.450Z,2022-06-20T09:55:11.591Z
1655648589,trungmilo,12345678,Trung Milu,0966666247,trungmilu@gmail.com,Quảng Bình,ADMIN,2022-06-19T14:24:46.376Z,2022-06-20T01:05:53.272Z
1655648695,vodailoc1212,12345678,Loc Vo,0977777777,loc@gmail.com,Huế,ADMIN,2022-06-19T14:26:07.416Z,null
1655649422,ngocngungoc,12345678,Ngoc Ngu Ngoc,0987654324,ngoc@gmail.com,Huế,USER,2022-06-19T14:37:57.191Z,null
1655649891,nganngongan,12345678,Ngan Ngo Ngan,0987654365,ngan96@gmail.com,Huế,USER,2022-06-19T14:45:44.068Z,null
1655650064,iuytrewq,987654321,Ngao,0987654328,bvc@gmail.com,Hue,USER,2022-06-19T14:48:16.757Z,2022-06-20T00:59:58.453Z
1655650486,oiuytfdsaz,1234567890,Kitty,0984736261,kitty@gmail.com,Sai Gon,USER,2022-06-19T14:55:07.710Z,2022-06-20T01:06:59.333Z
1655718629,nganngungoc,123456789,Ngan Ngu Ngoc,0987654332,ngan@gmail.com,Huế,USER,2022-06-20T09:54:25.829Z,null
1655815338,ngoc123456789,1234567890,Nguyen Ngocccc,0123456787,1@gmail.com,Hues,USER,2022-06-21T12:43:20.457Z,null
1655862648,tri18plus,12345678,Minh Tri,0987654356,tri@gmail.com,Nguyen Lo Trach-Hue,USER,2022-06-22T01:52:14.547Z,null
1655865965,vusiphong,12345678,Vu Sip Hong,0987654234,vu@gmail.com,12-Le Duan-Hue,USER,2022-06-22T02:47:08.129Z,null
